{
  "accuracy": [
    0.1456483155488968,
    0.1865008920431137,
    0.26465365290641785,
    0.28952041268348694,
    0.3534635901451111,
    0.39964476227760315,
    0.45115453004837036,
    0.47957372665405273,
    0.5488454699516296,
    0.5506216883659363,
    0.5790408253669739,
    0.5612788796424866,
    0.6021314263343811,
    0.6127886176109314,
    0.6500887870788574,
    0.6305506229400635,
    0.6518650054931641,
    0.6785079836845398,
    0.6980462074279785,
    0.664298415184021,
    0.7104795575141907,
    0.7193605899810791,
    0.7353463768959045,
    0.7335701584815979,
    0.7566607594490051
  ],
  "loss": [
    2.645293951034546,
    2.2648444175720215,
    1.9794739484786987,
    1.871304988861084,
    1.770185947418213,
    1.640457272529602,
    1.5608530044555664,
    1.4605799913406372,
    1.36099374294281,
    1.3467963933944702,
    1.2868536710739136,
    1.2587666511535645,
    1.184159278869629,
    1.128792405128479,
    1.0555143356323242,
    1.0956251621246338,
    1.0214890241622925,
    0.9638634920120239,
    0.9281021952629089,
    0.9806444048881531,
    0.9037851095199585,
    0.855313777923584,
    0.8168251514434814,
    0.8149940371513367,
    0.7717858552932739
  ],
  "val_accuracy": [
    0.18644067645072937,
    0.2542372941970825,
    0.3050847351551056,
    0.41525423526763916,
    0.47457626461982727,
    0.5593220591545105,
    0.5593220591545105,
    0.5677965879440308,
    0.5847457647323608,
    0.5847457647323608,
    0.5847457647323608,
    0.6101694703102112,
    0.6271186470985413,
    0.6271186470985413,
    0.6355932354927063,
    0.6525423526763916,
    0.6271186470985413,
    0.6355932354927063,
    0.6694915294647217,
    0.6779661178588867,
    0.6694915294647217,
    0.6694915294647217,
    0.6864407062530518,
    0.6864407062530518,
    0.7118644118309021
  ],
  "val_loss": [
    2.1734161376953125,
    1.9747135639190674,
    1.8379359245300293,
    1.7371355295181274,
    1.6428251266479492,
    1.5560641288757324,
    1.4787142276763916,
    1.4081480503082275,
    1.344218134880066,
    1.2944074869155884,
    1.2552640438079834,
    1.2058985233306885,
    1.1626547574996948,
    1.1276246309280396,
    1.0922348499298096,
    1.0557761192321777,
    1.0400784015655518,
    1.0143368244171143,
    1.0036828517913818,
    0.9905440807342529,
    0.9675431847572327,
    0.9467735290527344,
    0.9304209351539612,
    0.9240144491195679,
    0.9104955196380615
  ]
}